{
  "op": "string_indexer",
  "attributes": {
    "labels": {
      "string": ["9141", "8960", "7578", "6395", "6357", "9327", "7554", "8982", "6265", "8961", "6216", "9347", "9486", "6383", "9294", "9330", "6390", "9354", "9194", "6222", "9514", "9026", "9521", "6215", "9538", "6093", "6185", "6178", "6314", "6161", "6154", "9736", "6024", "8821", "9675", "9460", "6239", "6284", "6116", "9491", "9507", "6031", "6444", "6277", "6369", "9743", "6017"],
      "type": "list"
    },
    "handle_invalid": {
      "string": "keep"
    },
    "string_order_type": {
      "string": "frequencyDesc"
    }
  }
}